SC_Group_ID;SC_Group_Desc;SC_GroupCommod_ID;SC_GroupCommod_Desc;SC_Geography_ID;SortOrder;SC_GeographyIndented_Desc;SC_Commodity_ID;SC_Commodity_Desc;SC_Attribute_ID;SC_Attribute_Desc;SC_Unit_ID;SC_Unit_Desc;Year_ID;SC_Frequency_ID;SC_Frequency_Desc;Timeperiod_ID;Timeperiod_Desc;Amount;;;;;;;;;;;;;;;;
1;Prices;17;Oats;1;0.800;United States;3;Oats;5;Prices received by farmers;4;Dollars per bushel;1948;1;Monthly;8;Aug;0.69;;;;;;;;;;;;;;;;
1;Prices;17;Oats;1;0.800;United States;3;Oats;5;Prices received by farmers;4;Dollars per bushel;1948;1;Monthly;9;Sep;0.69;;;;;;;;;;;;;;;;
1;Prices;17;Oats;1;0.800;United States;3;Oats;5;Prices received by farmers;4;Dollars per bushel;1948;1;Monthly;10;Oct;0.7;;;;;;;;;;;;;;;;
1;Prices;17;Oats;1;0.800;United States;3;Oats;5;Prices received by farmers;4;Dollars per bushel;1948;1;Monthly;11;Nov;0.76;;;;;;;;;;;;;;;;
1;Prices;17;Oats;1;0.800;United States;3;Oats;5;Prices received by farmers;4;Dollars per bushel;1948;1;Monthly;12;Dec;0.76;;;;;;;;;;;;;;;;
1;Prices;17;Oats;1;0.800;United States;3;Oats;5;Prices received by farmers;4;Dollars per bushel;1948;3;Annual;69;Commodity Market Year;0.717;;;;;;;;;;;;;;;;
1;Prices;17;Oats;1;0.800;United States;3;Oats;5;Prices received by farmers;4;Dollars per bushel;1949;1;Monthly;1;Jan;0.762;;;;;;;;;;;;;;;;
1;Prices;17;Oats;1;0.800;United States;3;Oats;5;Prices received by farmers;4;Dollars per bushel;1949;1;Monthly;2;Feb;0.689;;;;;;;;;;;;;;;;
1;Prices;17;Oats;1;0.800;United States;3;Oats;5;Prices received by farmers;4;Dollars per bushel;1949;1;Monthly;3;Mar;0.7;;;;;;;;;;;;;;;;
1;Prices;17;Oats;1;0.800;United States;3;Oats;5;Prices received by farmers;4;Dollars per bushel;1949;1;Monthly;4;Apr;0.698;;;;;;;;;;;;;;;;
1;Prices;17;Oats;1;0.800;United States;3;Oats;5;Prices received by farmers;4;Dollars per bushel;1949;1;Monthly;5;May;0.66;;;;;;;;;;;;;;;;
1;Prices;17;Oats;1;0.800;United States;3;Oats;5;Prices received by farmers;4;Dollars per bushel;1949;1;Monthly;6;Jun;0.601;;;;;;;;;;;;;;;;
1;Prices;17;Oats;1;0.800;United States;3;Oats;5;Prices received by farmers;4;Dollars per bushel;1949;1;Monthly;7;Jul;0.583;;;;;;;;;;;;;;;;
1;Prices;17;Oats;1;0.800;United States;3;Oats;5;Prices received by farmers;4;Dollars per bushel;1949;1;Monthly;8;Aug;0.582;;;;;;;;;;;;;;;;
1;Prices;17;Oats;1;0.800;United States;3;Oats;5;Prices received by farmers;4;Dollars per bushel;1949;1;Monthly;9;Sep;0.613;;;;;;;;;;;;;;;;
1;Prices;17;Oats;1;0.800;United States;3;Oats;5;Prices received by farmers;4;Dollars per bushel;1949;1;Monthly;10;Oct;0.623;;;;;;;;;;;;;;;;
1;Prices;17;Oats;1;0.800;United States;3;Oats;5;Prices received by farmers;4;Dollars per bushel;1949;1;Monthly;11;Nov;0.664;;;;;;;;;;;;;;;;
1;Prices;17;Oats;1;0.800;United States;3;Oats;5;Prices received by farmers;4;Dollars per bushel;1949;1;Monthly;12;Dec;0.699;;;;;;;;;;;;;;;;
1;Prices;17;Oats;1;0.800;United States;3;Oats;5;Prices received by farmers;4;Dollars per bushel;1949;3;Annual;69;Commodity Market Year;0.655;;;;;;;;;;;;;;;;
1;Prices;17;Oats;1;0.800;United States;3;Oats;5;Prices received by farmers;4;Dollars per bushel;1950;1;Monthly;1;Jan;0.7;;;;;;;;;;;;;;;;
1;Prices;17;Oats;1;0.800;United States;3;Oats;5;Prices received by farmers;4;Dollars per bushel;1950;1;Monthly;2;Feb;0.71;;;;;;;;;;;;;;;;
1;Prices;17;Oats;1;0.800;United States;3;Oats;5;Prices received by farmers;4;Dollars per bushel;1950;1;Monthly;3;Mar;0.72;;;;;;;;;;;;;;;;
1;Prices;17;Oats;1;0.800;United States;3;Oats;5;Prices received by farmers;4;Dollars per bushel;1950;1;Monthly;4;Apr;0.75;;;;;;;;;;;;;;;;
1;Prices;17;Oats;1;0.800;United States;3;Oats;5;Prices received by farmers;4;Dollars per bushel;1950;1;Monthly;5;May;0.79;;;;;;;;;;;;;;;;
1;Prices;17;Oats;1;0.800;United States;3;Oats;5;Prices received by farmers;4;Dollars per bushel;1950;1;Monthly;6;Jun;0.8;;;;;;;;;;;;;;;;
1;Prices;17;Oats;1;0.800;United States;3;Oats;5;Prices received by farmers;4;Dollars per bushel;1950;1;Monthly;7;Jul;0.76;;;;;;;;;;;;;;;;
1;Prices;17;Oats;1;0.800;United States;3;Oats;5;Prices received by farmers;4;Dollars per bushel;1950;1;Monthly;8;Aug;0.71;;;;;;;;;;;;;;;;
1;Prices;17;Oats;1;0.800;United States;3;Oats;5;Prices received by farmers;4;Dollars per bushel;1950;1;Monthly;9;Sep;0.73;;;;;;;;;;;;;;;;
1;Prices;17;Oats;1;0.800;United States;3;Oats;5;Prices received by farmers;4;Dollars per bushel;1950;1;Monthly;10;Oct;0.74;;;;;;;;;;;;;;;;
1;Prices;17;Oats;1;0.800;United States;3;Oats;5;Prices received by farmers;4;Dollars per bushel;1950;1;Monthly;11;Nov;0.81;;;;;;;;;;;;;;;;
1;Prices;17;Oats;1;0.800;United States;3;Oats;5;Prices received by farmers;4;Dollars per bushel;1950;1;Monthly;12;Dec;0.85;;;;;;;;;;;;;;;;
1;Prices;17;Oats;1;0.800;United States;3;Oats;5;Prices received by farmers;4;Dollars per bushel;1950;3;Annual;69;Commodity Market Year;0.788;;;;;;;;;;;;;;;;
1;Prices;17;Oats;1;0.800;United States;3;Oats;5;Prices received by farmers;4;Dollars per bushel;1951;1;Monthly;1;Jan;0.88;;;;;;;;;;;;;;;;
1;Prices;17;Oats;1;0.800;United States;3;Oats;5;Prices received by farmers;4;Dollars per bushel;1951;1;Monthly;2;Feb;0.92;;;;;;;;;;;;;;;;
1;Prices;17;Oats;1;0.800;United States;3;Oats;5;Prices received by farmers;4;Dollars per bushel;1951;1;Monthly;3;Mar;0.91;;;;;;;;;;;;;;;;
1;Prices;17;Oats;1;0.800;United States;3;Oats;5;Prices received by farmers;4;Dollars per bushel;1951;1;Monthly;4;Apr;0.91;;;;;;;;;;;;;;;;
1;Prices;17;Oats;1;0.800;United States;3;Oats;5;Prices received by farmers;4;Dollars per bushel;1951;1;Monthly;5;May;0.89;;;;;;;;;;;;;;;;
1;Prices;17;Oats;1;0.800;United States;3;Oats;5;Prices received by farmers;4;Dollars per bushel;1951;1;Monthly;6;Jun;0.83;;;;;;;;;;;;;;;;
1;Prices;17;Oats;1;0.800;United States;3;Oats;5;Prices received by farmers;4;Dollars per bushel;1951;1;Monthly;7;Jul;0.78;;;;;;;;;;;;;;;;
1;Prices;17;Oats;1;0.800;United States;3;Oats;5;Prices received by farmers;4;Dollars per bushel;1951;1;Monthly;8;Aug;0.76;;;;;;;;;;;;;;;;
1;Prices;17;Oats;1;0.800;United States;3;Oats;5;Prices received by farmers;4;Dollars per bushel;1951;1;Monthly;9;Sep;0.78;;;;;;;;;;;;;;;;
1;Prices;17;Oats;1;0.800;United States;3;Oats;5;Prices received by farmers;4;Dollars per bushel;1951;1;Monthly;10;Oct;0.82;;;;;;;;;;;;;;;;
1;Prices;17;Oats;1;0.800;United States;3;Oats;5;Prices received by farmers;4;Dollars per bushel;1951;1;Monthly;11;Nov;0.91;;;;;;;;;;;;;;;;
1;Prices;17;Oats;1;0.800;United States;3;Oats;5;Prices received by farmers;4;Dollars per bushel;1951;1;Monthly;12;Dec;0.95;;;;;;;;;;;;;;;;
1;Prices;17;Oats;1;0.800;United States;3;Oats;5;Prices received by farmers;4;Dollars per bushel;1951;3;Annual;69;Commodity Market Year;0.82;;;;;;;;;;;;;;;;
1;Prices;17;Oats;1;0.800;United States;3;Oats;5;Prices received by farmers;4;Dollars per bushel;1952;1;Monthly;1;Jan;0.938;;;;;;;;;;;;;;;;
1;Prices;17;Oats;1;0.800;United States;3;Oats;5;Prices received by farmers;4;Dollars per bushel;1952;1;Monthly;2;Feb;0.89;;;;;;;;;;;;;;;;
1;Prices;17;Oats;1;0.800;United States;3;Oats;5;Prices received by farmers;4;Dollars per bushel;1952;1;Monthly;3;Mar;0.891;;;;;;;;;;;;;;;;
1;Prices;17;Oats;1;0.800;United States;3;Oats;5;Prices received by farmers;4;Dollars per bushel;1952;1;Monthly;4;Apr;0.871;;;;;;;;;;;;;;;;
1;Prices;17;Oats;1;0.800;United States;3;Oats;5;Prices received by farmers;4;Dollars per bushel;1952;1;Monthly;5;May;0.822;;;;;;;;;;;;;;;;
1;Prices;17;Oats;1;0.800;United States;3;Oats;5;Prices received by farmers;4;Dollars per bushel;1952;1;Monthly;6;Jun;0.781;;;;;;;;;;;;;;;;
1;Prices;17;Oats;1;0.800;United States;3;Oats;5;Prices received by farmers;4;Dollars per bushel;1952;1;Monthly;7;Jul;0.761;;;;;;;;;;;;;;;;
1;Prices;17;Oats;1;0.800;United States;3;Oats;5;Prices received by farmers;4;Dollars per bushel;1952;1;Monthly;8;Aug;0.8;;;;;;;;;;;;;;;;
1;Prices;17;Oats;1;0.800;United States;3;Oats;5;Prices received by farmers;4;Dollars per bushel;1952;1;Monthly;9;Sep;0.835;;;;;;;;;;;;;;;;
1;Prices;17;Oats;1;0.800;United States;3;Oats;5;Prices received by farmers;4;Dollars per bushel;1952;1;Monthly;10;Oct;0.828;;;;;;;;;;;;;;;;
1;Prices;17;Oats;1;0.800;United States;3;Oats;5;Prices received by farmers;4;Dollars per bushel;1952;1;Monthly;11;Nov;0.845;;;;;;;;;;;;;;;;
1;Prices;17;Oats;1;0.800;United States;3;Oats;5;Prices received by farmers;4;Dollars per bushel;1952;1;Monthly;12;Dec;0.842;;;;;;;;;;;;;;;;
1;Prices;17;Oats;1;0.800;United States;3;Oats;5;Prices received by farmers;4;Dollars per bushel;1952;3;Annual;69;Commodity Market Year;0.789;;;;;;;;;;;;;;;;
1;Prices;17;Oats;1;0.800;United States;3;Oats;5;Prices received by farmers;4;Dollars per bushel;1953;1;Monthly;1;Jan;0.821;;;;;;;;;;;;;;;;
1;Prices;17;Oats;1;0.800;United States;3;Oats;5;Prices received by farmers;4;Dollars per bushel;1953;1;Monthly;2;Feb;0.773;;;;;;;;;;;;;;;;
1;Prices;17;Oats;1;0.800;United States;3;Oats;5;Prices received by farmers;4;Dollars per bushel;1953;1;Monthly;3;Mar;0.783;;;;;;;;;;;;;;;;
1;Prices;17;Oats;1;0.800;United States;3;Oats;5;Prices received by farmers;4;Dollars per bushel;1953;1;Monthly;4;Apr;0.763;;;;;;;;;;;;;;;;
1;Prices;17;Oats;1;0.800;United States;3;Oats;5;Prices received by farmers;4;Dollars per bushel;1953;1;Monthly;5;May;0.749;;;;;;;;;;;;;;;;
1;Prices;17;Oats;1;0.800;United States;3;Oats;5;Prices received by farmers;4;Dollars per bushel;1953;1;Monthly;6;Jun;0.705;;;;;;;;;;;;;;;;
1;Prices;17;Oats;1;0.800;United States;3;Oats;5;Prices received by farmers;4;Dollars per bushel;1953;1;Monthly;7;Jul;0.701;;;;;;;;;;;;;;;;
1;Prices;17;Oats;1;0.800;United States;3;Oats;5;Prices received by farmers;4;Dollars per bushel;1953;1;Monthly;8;Aug;0.717;;;;;;;;;;;;;;;;
1;Prices;17;Oats;1;0.800;United States;3;Oats;5;Prices received by farmers;4;Dollars per bushel;1953;1;Monthly;9;Sep;0.714;;;;;;;;;;;;;;;;
1;Prices;17;Oats;1;0.800;United States;3;Oats;5;Prices received by farmers;4;Dollars per bushel;1953;1;Monthly;10;Oct;0.727;;;;;;;;;;;;;;;;
1;Prices;17;Oats;1;0.800;United States;3;Oats;5;Prices received by farmers;4;Dollars per bushel;1953;1;Monthly;11;Nov;0.745;;;;;;;;;;;;;;;;
1;Prices;17;Oats;1;0.800;United States;3;Oats;5;Prices received by farmers;4;Dollars per bushel;1953;1;Monthly;12;Dec;0.767;;;;;;;;;;;;;;;;
1;Prices;17;Oats;1;0.800;United States;3;Oats;5;Prices received by farmers;4;Dollars per bushel;1953;3;Annual;69;Commodity Market Year;0.742;;;;;;;;;;;;;;;;
1;Prices;17;Oats;1;0.800;United States;3;Oats;5;Prices received by farmers;4;Dollars per bushel;1954;1;Monthly;1;Jan;0.779;;;;;;;;;;;;;;;;
1;Prices;17;Oats;1;0.800;United States;3;Oats;5;Prices received by farmers;4;Dollars per bushel;1954;1;Monthly;2;Feb;0.781;;;;;;;;;;;;;;;;
1;Prices;17;Oats;1;0.800;United States;3;Oats;5;Prices received by farmers;4;Dollars per bushel;1954;1;Monthly;3;Mar;0.781;;;;;;;;;;;;;;;;
1;Prices;17;Oats;1;0.800;United States;3;Oats;5;Prices received by farmers;4;Dollars per bushel;1954;1;Monthly;4;Apr;0.78;;;;;;;;;;;;;;;;
1;Prices;17;Oats;1;0.800;United States;3;Oats;5;Prices received by farmers;4;Dollars per bushel;1954;1;Monthly;5;May;0.766;;;;;;;;;;;;;;;;
1;Prices;17;Oats;1;0.800;United States;3;Oats;5;Prices received by farmers;4;Dollars per bushel;1954;1;Monthly;6;Jun;0.735;;;;;;;;;;;;;;;;
1;Prices;17;Oats;1;0.800;United States;3;Oats;5;Prices received by farmers;4;Dollars per bushel;1954;1;Monthly;7;Jul;0.668;;;;;;;;;;;;;;;;
1;Prices;17;Oats;1;0.800;United States;3;Oats;5;Prices received by farmers;4;Dollars per bushel;1954;1;Monthly;8;Aug;0.675;;;;;;;;;;;;;;;;
1;Prices;17;Oats;1;0.800;United States;3;Oats;5;Prices received by farmers;4;Dollars per bushel;1954;1;Monthly;9;Sep;0.711;;;;;;;;;;;;;;;;
1;Prices;17;Oats;1;0.800;United States;3;Oats;5;Prices received by farmers;4;Dollars per bushel;1954;1;Monthly;10;Oct;0.731;;;;;;;;;;;;;;;;
1;Prices;17;Oats;1;0.800;United States;3;Oats;5;Prices received by farmers;4;Dollars per bushel;1954;1;Monthly;11;Nov;0.761;;;;;;;;;;;;;;;;
1;Prices;17;Oats;1;0.800;United States;3;Oats;5;Prices received by farmers;4;Dollars per bushel;1954;1;Monthly;12;Dec;0.767;;;;;;;;;;;;;;;;
1;Prices;17;Oats;1;0.800;United States;3;Oats;5;Prices received by farmers;4;Dollars per bushel;1954;3;Annual;69;Commodity Market Year;0.714;;;;;;;;;;;;;;;;
1;Prices;17;Oats;1;0.800;United States;3;Oats;5;Prices received by farmers;4;Dollars per bushel;1955;1;Monthly;1;Jan;0.768;;;;;;;;;;;;;;;;
1;Prices;17;Oats;1;0.800;United States;3;Oats;5;Prices received by farmers;4;Dollars per bushel;1955;1;Monthly;2;Feb;0.757;;;;;;;;;;;;;;;;
1;Prices;17;Oats;1;0.800;United States;3;Oats;5;Prices received by farmers;4;Dollars per bushel;1955;1;Monthly;3;Mar;0.737;;;;;;;;;;;;;;;;
1;Prices;17;Oats;1;0.800;United States;3;Oats;5;Prices received by farmers;4;Dollars per bushel;1955;1;Monthly;4;Apr;0.727;;;;;;;;;;;;;;;;
1;Prices;20;Sorghum;1;0.800;United States;4;Sorghum;5;Prices received by farmers;4;Dollars per bushel;1996;1;Monthly;9;Sep;3.1192;;;;;;;;;;;;;;;;
1;Prices;20;Sorghum;1;0.800;United States;4;Sorghum;5;Prices received by farmers;4;Dollars per bushel;1996;1;Monthly;10;Oct;2.4528;;;;;;;;;;;;;;;;
1;Prices;20;Sorghum;1;0.800;United States;4;Sorghum;5;Prices received by farmers;4;Dollars per bushel;1996;1;Monthly;11;Nov;2.296;;;;;;;;;;;;;;;;
1;Prices;20;Sorghum;1;0.800;United States;4;Sorghum;5;Prices received by farmers;4;Dollars per bushel;1996;1;Monthly;12;Dec;2.2008;;;;;;;;;;;;;;;;
1;Prices;20;Sorghum;1;0.800;United States;4;Sorghum;5;Prices received by farmers;4;Dollars per bushel;1996;2;Quarterly;13;Q1 Jan-Mar;3.35936202531646;;;;;;;;;;;;;;;;
1;Prices;20;Sorghum;1;0.800;United States;4;Sorghum;5;Prices received by farmers;4;Dollars per bushel;1996;2;Quarterly;14;Q2 Apr-Jun;3.99409855072464;;;;;;;;;;;;;;;;
1;Prices;20;Sorghum;1;0.800;United States;4;Sorghum;5;Prices received by farmers;4;Dollars per bushel;1996;2;Quarterly;15;Q3 Jul-Sep;3.50761379310345;;;;;;;;;;;;;;;;
1;Prices;20;Sorghum;1;0.800;United States;4;Sorghum;5;Prices received by farmers;4;Dollars per bushel;1996;2;Quarterly;16;Q4 Oct-Dec;2.31607735368957;;;;;;;;;;;;;;;;
1;Prices;20;Sorghum;1;0.800;United States;4;Sorghum;5;Prices received by farmers;4;Dollars per bushel;1996;2;Quarterly;24;Q1 Sep-Nov;2.45034191419142;;;;;;;;;;;;;;;;
1;Prices;20;Sorghum;1;0.800;United States;4;Sorghum;5;Prices received by farmers;4;Dollars per bushel;1996;2;Quarterly;25;Q2 Dec-Feb;2.25465679012346;;;;;;;;;;;;;;;;
1;Prices;20;Sorghum;1;0.800;United States;4;Sorghum;5;Prices received by farmers;4;Dollars per bushel;1996;2;Quarterly;26;Q3 Mar-May;2.41384888888889;;;;;;;;;;;;;;;;
1;Prices;20;Sorghum;1;0.800;United States;4;Sorghum;5;Prices received by farmers;4;Dollars per bushel;1996;2;Quarterly;27;Q4 Jun-Aug;2.26562352941176;;;;;;;;;;;;;;;;
1;Prices;20;Sorghum;1;0.800;United States;4;Sorghum;5;Prices received by farmers;4;Dollars per bushel;1996;3;Annual;69;Commodity Market Year;2.3352;;;;;;;;;;;;;;;;
1;Prices;20;Sorghum;1;0.800;United States;4;Sorghum;5;Prices received by farmers;4;Dollars per bushel;1996;2;Quarterly;115;CY 5YR Quarterly Moving Average for Jan-Mar;3.35936202531646;;;;;;;;;;;;;;;;
1;Prices;20;Sorghum;1;0.800;United States;4;Sorghum;5;Prices received by farmers;4;Dollars per bushel;1996;2;Quarterly;116;CY 5YR Quarterly Moving Average for Apr-Jun;3.99409855072464;;;;;;;;;;;;;;;;
1;Prices;20;Sorghum;1;0.800;United States;4;Sorghum;5;Prices received by farmers;4;Dollars per bushel;1996;2;Quarterly;117;CY 5YR Quarterly Moving Average for Jul-Sep;3.50761379310345;;;;;;;;;;;;;;;;
1;Prices;20;Sorghum;1;0.800;United States;4;Sorghum;5;Prices received by farmers;4;Dollars per bushel;1996;2;Quarterly;118;CY 5YR Quarterly Moving Average for Oct-Dec;2.31607735368957;;;;;;;;;;;;;;;;
1;Prices;20;Sorghum;1;0.800;United States;4;Sorghum;5;Prices received by farmers;4;Dollars per bushel;1996;2;Quarterly;119;MY 5YR Quarterly Moving Average for Sep-Nov;2.51025444071051;;;;;;;;;;;;;;;;
1;Prices;20;Sorghum;1;0.800;United States;4;Sorghum;5;Prices received by farmers;4;Dollars per bushel;1996;2;Quarterly;120;MY 5YR Quarterly Moving Average for Dec-Feb;2.2453375;;;;;;;;;;;;;;;;
1;Prices;20;Sorghum;1;0.800;United States;4;Sorghum;5;Prices received by farmers;4;Dollars per bushel;1996;2;Quarterly;121;MY 5YR Quarterly Moving Average for Mar-May;2.41064510638298;;;;;;;;;;;;;;;;
1;Prices;20;Sorghum;1;0.800;United States;4;Sorghum;5;Prices received by farmers;4;Dollars per bushel;1996;2;Quarterly;122;MY 5YR Quarterly Moving Average for Jun-Aug;2.25833070259865;;;;;;;;;;;;;;;;
1;Prices;20;Sorghum;1;0.800;United States;4;Sorghum;5;Prices received by farmers;4;Dollars per bushel;1997;1;Monthly;1;Jan;2.2568;;;;;;;;;;;;;;;;
1;Prices;20;Sorghum;1;0.800;United States;4;Sorghum;5;Prices received by farmers;4;Dollars per bushel;1997;1;Monthly;2;Feb;2.3352;;;;;;;;;;;;;;;;
1;Prices;20;Sorghum;1;0.800;United States;4;Sorghum;5;Prices received by farmers;4;Dollars per bushel;1997;1;Monthly;3;Mar;2.4472;;;;;;;;;;;;;;;;
1;Prices;20;Sorghum;1;0.800;United States;4;Sorghum;5;Prices received by farmers;4;Dollars per bushel;1997;1;Monthly;4;Apr;2.4304;;;;;;;;;;;;;;;;
1;Prices;20;Sorghum;1;0.800;United States;4;Sorghum;5;Prices received by farmers;4;Dollars per bushel;1997;1;Monthly;5;May;2.3408;;;;;;;;;;;;;;;;
1;Prices;20;Sorghum;1;0.800;United States;4;Sorghum;5;Prices received by farmers;4;Dollars per bushel;1997;1;Monthly;6;Jun;2.296;;;;;;;;;;;;;;;;
1;Prices;20;Sorghum;1;0.800;United States;4;Sorghum;5;Prices received by farmers;4;Dollars per bushel;1997;1;Monthly;7;Jul;2.212;;;;;;;;;;;;;;;;
1;Prices;20;Sorghum;1;0.800;United States;4;Sorghum;5;Prices received by farmers;4;Dollars per bushel;1997;1;Monthly;8;Aug;2.2904;;;;;;;;;;;;;;;;
1;Prices;20;Sorghum;1;0.800;United States;4;Sorghum;5;Prices received by farmers;4;Dollars per bushel;1997;1;Monthly;9;Sep;2.24;;;;;;;;;;;;;;;;
1;Prices;20;Sorghum;1;0.800;United States;4;Sorghum;5;Prices received by farmers;4;Dollars per bushel;1997;1;Monthly;10;Oct;2.2736;;;;;;;;;;;;;;;;
1;Prices;20;Sorghum;1;0.800;United States;4;Sorghum;5;Prices received by farmers;4;Dollars per bushel;1997;1;Monthly;11;Nov;2.2456;;;;;;;;;;;;;;;;
1;Prices;20;Sorghum;1;0.800;United States;4;Sorghum;5;Prices received by farmers;4;Dollars per bushel;1997;1;Monthly;12;Dec;2.2064;;;;;;;;;;;;;;;;
1;Prices;20;Sorghum;1;0.800;United States;4;Sorghum;5;Prices received by farmers;4;Dollars per bushel;1997;2;Quarterly;13;Q1 Jan-Mar;2.32382769230769;;;;;;;;;;;;;;;;
1;Prices;20;Sorghum;1;0.800;United States;4;Sorghum;5;Prices received by farmers;4;Dollars per bushel;1997;2;Quarterly;14;Q2 Apr-Jun;2.35677217391304;;;;;;;;;;;;;;;;
1;Prices;20;Sorghum;1;0.800;United States;4;Sorghum;5;Prices received by farmers;4;Dollars per bushel;1997;2;Quarterly;15;Q3 Jul-Sep;2.253048;;;;;;;;;;;;;;;;
1;Prices;20;Sorghum;1;0.800;United States;4;Sorghum;5;Prices received by farmers;4;Dollars per bushel;1997;2;Quarterly;16;Q4 Oct-Dec;2.24493363844394;;;;;;;;;;;;;;;;
1;Prices;20;Sorghum;1;0.800;United States;4;Sorghum;5;Prices received by farmers;4;Dollars per bushel;1997;2;Quarterly;24;Q1 Sep-Nov;2.25491990407674;;;;;;;;;;;;;;;;
1;Prices;20;Sorghum;1;0.800;United States;4;Sorghum;5;Prices received by farmers;4;Dollars per bushel;1997;2;Quarterly;25;Q2 Dec-Feb;2.23659746835443;;;;;;;;;;;;;;;;
1;Prices;20;Sorghum;1;0.800;United States;4;Sorghum;5;Prices received by farmers;4;Dollars per bushel;1997;2;Quarterly;26;Q3 Mar-May;2.16012363636364;;;;;;;;;;;;;;;;
1;Prices;20;Sorghum;1;0.800;United States;4;Sorghum;5;Prices received by farmers;4;Dollars per bushel;1997;2;Quarterly;27;Q4 Jun-Aug;2.07806369426752;;;;;;;;;;;;;;;;
1;Prices;20;Sorghum;1;0.800;United States;4;Sorghum;5;Prices received by farmers;4;Dollars per bushel;1997;3;Annual;69;Commodity Market Year;2.212;;;;;;;;;;;;;;;;
1;Prices;20;Sorghum;1;0.800;United States;4;Sorghum;5;Prices received by farmers;4;Dollars per bushel;1997;2;Quarterly;115;CY 5YR Quarterly Moving Average for Jan-Mar;2.32382769230769;;;;;;;;;;;;;;;;
1;Prices;20;Sorghum;1;0.800;United States;4;Sorghum;5;Prices received by farmers;4;Dollars per bushel;1997;2;Quarterly;116;CY 5YR Quarterly Moving Average for Apr-Jun;2.35677217391304;;;;;;;;;;;;;;;;
1;Prices;20;Sorghum;1;0.800;United States;4;Sorghum;5;Prices received by farmers;4;Dollars per bushel;1997;2;Quarterly;117;CY 5YR Quarterly Moving Average for Jul-Sep;2.253048;;;;;;;;;;;;;;;;
1;Prices;20;Sorghum;1;0.800;United States;4;Sorghum;5;Prices received by farmers;4;Dollars per bushel;1997;2;Quarterly;118;CY 5YR Quarterly Moving Average for Oct-Dec;2.24493363844394;;;;;;;;;;;;;;;;
1;Prices;20;Sorghum;1;0.800;United States;4;Sorghum;5;Prices received by farmers;4;Dollars per bushel;1997;2;Quarterly;119;MY 5YR Quarterly Moving Average for Sep-Nov;2.25731164658635;;;;;;;;;;;;;;;;
1;Prices;20;Sorghum;1;0.800;United States;4;Sorghum;5;Prices received by farmers;4;Dollars per bushel;1997;2;Quarterly;120;MY 5YR Quarterly Moving Average for Dec-Feb;2.23530485436893;;;;;;;;;;;;;;;;
1;Prices;20;Sorghum;1;0.800;United States;4;Sorghum;5;Prices received by farmers;4;Dollars per bushel;1997;2;Quarterly;121;MY 5YR Quarterly Moving Average for Mar-May;2.15611177644711;;;;;;;;;;;;;;;;
1;Prices;20;Sorghum;1;0.800;United States;4;Sorghum;5;Prices received by farmers;4;Dollars per bushel;1997;2;Quarterly;122;MY 5YR Quarterly Moving Average for Jun-Aug;2.0409765258216;;;;;;;;;;;;;;;;
1;Prices;20;Sorghum;1;0.800;United States;4;Sorghum;5;Prices received by farmers;4;Dollars per bushel;1998;1;Monthly;1;Jan;2.2512;;;;;;;;;;;;;;;;
1;Prices;20;Sorghum;1;0.800;United States;4;Sorghum;5;Prices received by farmers;4;Dollars per bushel;1998;1;Monthly;2;Feb;2.268;;;;;;;;;;;;;;;;
1;Prices;20;Sorghum;1;0.800;United States;4;Sorghum;5;Prices received by farmers;4;Dollars per bushel;1998;1;Monthly;3;Mar;2.2512;;;;;;;;;;;;;;;;
1;Prices;20;Sorghum;1;0.800;United States;4;Sorghum;5;Prices received by farmers;4;Dollars per bushel;1998;1;Monthly;4;Apr;2.1112;;;;;;;;;;;;;;;;
1;Prices;20;Sorghum;1;0.800;United States;4;Sorghum;5;Prices received by farmers;4;Dollars per bushel;1998;1;Monthly;5;May;2.0664;;;;;;;;;;;;;;;;
1;Prices;20;Sorghum;1;0.800;United States;4;Sorghum;5;Prices received by farmers;4;Dollars per bushel;1998;1;Monthly;6;Jun;2.2176;;;;;;;;;;;;;;;;
1;Prices;20;Sorghum;1;0.800;United States;4;Sorghum;5;Prices received by farmers;4;Dollars per bushel;1998;1;Monthly;7;Jul;2.1336;;;;;;;;;;;;;;;;
1;Prices;20;Sorghum;1;0.800;United States;4;Sorghum;5;Prices received by farmers;4;Dollars per bushel;1998;1;Monthly;8;Aug;1.8592;;;;;;;;;;;;;;;;
1;Prices;20;Sorghum;1;0.800;United States;4;Sorghum;5;Prices received by farmers;4;Dollars per bushel;1998;1;Monthly;9;Sep;1.6856;;;;;;;;;;;;;;;;
1;Prices;20;Sorghum;1;0.800;United States;4;Sorghum;5;Prices received by farmers;4;Dollars per bushel;1998;1;Monthly;10;Oct;1.6016;;;;;;;;;;;;;;;;
1;Prices;20;Sorghum;1;0.800;United States;4;Sorghum;5;Prices received by farmers;4;Dollars per bushel;1998;1;Monthly;11;Nov;1.708;;;;;;;;;;;;;;;;
1;Prices;20;Sorghum;1;0.800;United States;4;Sorghum;5;Prices received by farmers;4;Dollars per bushel;1998;1;Monthly;12;Dec;1.6464;;;;;;;;;;;;;;;;
1;Prices;20;Sorghum;1;0.800;United States;4;Sorghum;5;Prices received by farmers;4;Dollars per bushel;1998;2;Quarterly;13;Q1 Jan-Mar;2.25450491803279;;;;;;;;;;;;;;;;
1;Prices;20;Sorghum;1;0.800;United States;4;Sorghum;5;Prices received by farmers;4;Dollars per bushel;1998;2;Quarterly;14;Q2 Apr-Jun;2.14769824561404;;;;;;;;;;;;;;;;
1;Prices;20;Sorghum;1;0.800;United States;4;Sorghum;5;Prices received by farmers;4;Dollars per bushel;1998;2;Quarterly;15;Q3 Jul-Sep;1.87335730337079;;;;;;;;;;;;;;;;
1;Prices;20;Sorghum;1;0.800;United States;4;Sorghum;5;Prices received by farmers;4;Dollars per bushel;1998;2;Quarterly;16;Q4 Oct-Dec;1.64493693693694;;;;;;;;;;;;;;;;
1;Prices;20;Sorghum;1;0.800;United States;4;Sorghum;5;Prices received by farmers;4;Dollars per bushel;1998;2;Quarterly;24;Q1 Sep-Nov;1.65227780678851;;;;;;;;;;;;;;;;
1;Prices;20;Sorghum;1;0.800;United States;4;Sorghum;5;Prices received by farmers;4;Dollars per bushel;1998;2;Quarterly;25;Q2 Dec-Feb;1.68651538461538;;;;;;;;;;;;;;;;
1;Prices;20;Sorghum;1;0.800;United States;4;Sorghum;5;Prices received by farmers;4;Dollars per bushel;1998;2;Quarterly;26;Q3 Mar-May;1.72570461538462;;;;;;;;;;;;;;;;
1;Prices;20;Sorghum;1;0.800;United States;4;Sorghum;5;Prices received by farmers;4;Dollars per bushel;1998;2;Quarterly;27;Q4 Jun-Aug;1.591008;;;;;;;;;;;;;;;;
1;Prices;20;Sorghum;1;0.800;United States;4;Sorghum;5;Prices received by farmers;4;Dollars per bushel;1998;3;Annual;69;Commodity Market Year;1.6632;;;;;;;;;;;;;;;;
1;Prices;20;Sorghum;1;0.800;United States;4;Sorghum;5;Prices received by farmers;4;Dollars per bushel;1998;2;Quarterly;115;CY 5YR Quarterly Moving Average for Jan-Mar;2.25450491803279;;;;;;;;;;;;;;;;
1;Prices;20;Sorghum;1;0.800;United States;4;Sorghum;5;Prices received by farmers;4;Dollars per bushel;1998;2;Quarterly;116;CY 5YR Quarterly Moving Average for Apr-Jun;2.14769824561404;;;;;;;;;;;;;;;;
1;Prices;20;Sorghum;1;0.800;United States;4;Sorghum;5;Prices received by farmers;4;Dollars per bushel;1998;2;Quarterly;117;CY 5YR Quarterly Moving Average for Jul-Sep;1.87335730337079;;;;;;;;;;;;;;;;
1;Prices;20;Sorghum;1;0.800;United States;4;Sorghum;5;Prices received by farmers;4;Dollars per bushel;1998;2;Quarterly;118;CY 5YR Quarterly Moving Average for Oct-Dec;1.64493693693694;;;;;;;;;;;;;;;;
1;Prices;20;Sorghum;1;0.800;United States;4;Sorghum;5;Prices received by farmers;4;Dollars per bushel;1998;2;Quarterly;119;MY 5YR Quarterly Moving Average for Sep-Nov;1.65722815776336;;;;;;;;;;;;;;;;
1;Prices;20;Sorghum;1;0.800;United States;4;Sorghum;5;Prices received by farmers;4;Dollars per bushel;1998;2;Quarterly;120;MY 5YR Quarterly Moving Average for Dec-Feb;1.68728656099242;;;;;;;;;;;;;;;;
1;Prices;20;Sorghum;1;0.800;United States;4;Sorghum;5;Prices received by farmers;4;Dollars per bushel;1998;2;Quarterly;121;MY 5YR Quarterly Moving Average for Mar-May;1.71443046092184;;;;;;;;;;;;;;;;
1;Prices;20;Sorghum;1;0.800;United States;4;Sorghum;5;Prices received by farmers;4;Dollars per bushel;1998;2;Quarterly;122;MY 5YR Quarterly Moving Average for Jun-Aug;1.59162483285578;;;;;;;;;;;;;;;;
1;Prices;20;Sorghum;1;0.800;United States;4;Sorghum;5;Prices received by farmers;4;Dollars per bushel;1999;1;Monthly;1;Jan;1.708;;;;;;;;;;;;;;;;
1;Prices;20;Sorghum;1;0.800;United States;4;Sorghum;5;Prices received by farmers;4;Dollars per bushel;1999;1;Monthly;2;Feb;1.7304;;;;;;;;;;;;;;;;
1;Prices;20;Sorghum;1;0.800;United States;4;Sorghum;5;Prices received by farmers;4;Dollars per bushel;1999;1;Monthly;3;Mar;1.7696;;;;;;;;;;;;;;;;
1;Prices;20;Sorghum;1;0.800;United States;4;Sorghum;5;Prices received by farmers;4;Dollars per bushel;1999;1;Monthly;4;Apr;1.7304;;;;;;;;;;;;;;;;
1;Prices;20;Sorghum;1;0.800;United States;4;Sorghum;5;Prices received by farmers;4;Dollars per bushel;1999;1;Monthly;5;May;1.624;;;;;;;;;;;;;;;;
1;Prices;20;Sorghum;1;0.800;United States;4;Sorghum;5;Prices received by farmers;4;Dollars per bushel;1999;1;Monthly;6;Jun;1.596;;;;;;;;;;;;;;;;
1;Prices;20;Sorghum;1;0.800;United States;4;Sorghum;5;Prices received by farmers;4;Dollars per bushel;1999;1;Monthly;7;Jul;1.5848;;;;;;;;;;;;;;;;
1;Prices;20;Sorghum;1;0.800;United States;4;Sorghum;5;Prices received by farmers;4;Dollars per bushel;1999;1;Monthly;8;Aug;1.596;;;;;;;;;;;;;;;;
1;Prices;20;Sorghum;1;0.800;United States;4;Sorghum;5;Prices received by farmers;4;Dollars per bushel;1999;1;Monthly;9;Sep;1.5792;;;;;;;;;;;;;;;;
1;Prices;17;Oats;1;0.800;United States;3;Oats;5;Prices received by farmers;4;Dollars per bushel;1955;1;Monthly;5;May;0.715;;;;;;;;;;;;;;;;
1;Prices;17;Oats;1;0.800;United States;3;Oats;5;Prices received by farmers;4;Dollars per bushel;1955;1;Monthly;6;Jun;0.698;;;;;;;;;;;;;;;;
1;Prices;17;Oats;1;0.800;United States;3;Oats;5;Prices received by farmers;4;Dollars per bushel;1955;1;Monthly;7;Jul;0.598;;;;;;;;;;;;;;;;
1;Prices;17;Oats;1;0.800;United States;3;Oats;5;Prices received by farmers;4;Dollars per bushel;1955;1;Monthly;8;Aug;0.549;;;;;;;;;;;;;;;;
1;Prices;17;Oats;1;0.800;United States;3;Oats;5;Prices received by farmers;4;Dollars per bushel;1955;1;Monthly;9;Sep;0.563;;;;;;;;;;;;;;;;
1;Prices;17;Oats;1;0.800;United States;3;Oats;5;Prices received by farmers;4;Dollars per bushel;1955;1;Monthly;10;Oct;0.591;;;;;;;;;;;;;;;;
1;Prices;17;Oats;1;0.800;United States;3;Oats;5;Prices received by farmers;4;Dollars per bushel;1955;1;Monthly;11;Nov;0.605;;;;;;;;;;;;;;;;
1;Prices;17;Oats;1;0.800;United States;3;Oats;5;Prices received by farmers;4;Dollars per bushel;1955;1;Monthly;12;Dec;0.626;;;;;;;;;;;;;;;;
1;Prices;17;Oats;1;0.800;United States;3;Oats;5;Prices received by farmers;4;Dollars per bushel;1955;3;Annual;69;Commodity Market Year;0.6;;;;;;;;;;;;;;;;
1;Prices;17;Oats;1;0.800;United States;3;Oats;5;Prices received by farmers;4;Dollars per bushel;1956;1;Monthly;1;Jan;0.622;;;;;;;;;;;;;;;;
1;Prices;17;Oats;1;0.800;United States;3;Oats;5;Prices received by farmers;4;Dollars per bushel;1956;1;Monthly;2;Feb;0.619;;;;;;;;;;;;;;;;
1;Prices;17;Oats;1;0.800;United States;3;Oats;5;Prices received by farmers;4;Dollars per bushel;1956;1;Monthly;3;Mar;0.618;;;;;;;;;;;;;;;;
1;Prices;17;Oats;1;0.800;United States;3;Oats;5;Prices received by farmers;4;Dollars per bushel;1956;1;Monthly;4;Apr;0.623;;;;;;;;;;;;;;;;
1;Prices;17;Oats;1;0.800;United States;3;Oats;5;Prices received by farmers;4;Dollars per bushel;1956;1;Monthly;5;May;0.634;;;;;;;;;;;;;;;;
1;Prices;17;Oats;1;0.800;United States;3;Oats;5;Prices received by farmers;4;Dollars per bushel;1956;1;Monthly;6;Jun;0.632;;;;;;;;;;;;;;;;
1;Prices;17;Oats;1;0.800;United States;3;Oats;5;Prices received by farmers;4;Dollars per bushel;1956;1;Monthly;7;Jul;0.653;;;;;;;;;;;;;;;;
1;Prices;17;Oats;1;0.800;United States;3;Oats;5;Prices received by farmers;4;Dollars per bushel;1956;1;Monthly;8;Aug;0.68;;;;;;;;;;;;;;;;
1;Prices;17;Oats;1;0.800;United States;3;Oats;5;Prices received by farmers;4;Dollars per bushel;1956;1;Monthly;9;Sep;0.681;;;;;;;;;;;;;;;;
1;Prices;17;Oats;1;0.800;United States;3;Oats;5;Prices received by farmers;4;Dollars per bushel;1956;1;Monthly;10;Oct;0.69;;;;;;;;;;;;;;;;
1;Prices;17;Oats;1;0.800;United States;3;Oats;5;Prices received by farmers;4;Dollars per bushel;1956;1;Monthly;11;Nov;0.724;;;;;;;;;;;;;;;;
1;Prices;17;Oats;1;0.800;United States;3;Oats;5;Prices received by farmers;4;Dollars per bushel;1956;1;Monthly;12;Dec;0.744;;;;;;;;;;;;;;;;
1;Prices;17;Oats;1;0.800;United States;3;Oats;5;Prices received by farmers;4;Dollars per bushel;1956;3;Annual;69;Commodity Market Year;0.686;;;;;;;;;;;;;;;;
1;Prices;17;Oats;1;0.800;United States;3;Oats;5;Prices received by farmers;4;Dollars per bushel;1957;1;Monthly;1;Jan;0.752;;;;;;;;;;;;;;;;
1;Prices;17;Oats;1;0.800;United States;3;Oats;5;Prices received by farmers;4;Dollars per bushel;1957;1;Monthly;2;Feb;0.728;;;;;;;;;;;;;;;;
1;Prices;17;Oats;1;0.800;United States;3;Oats;5;Prices received by farmers;4;Dollars per bushel;1957;1;Monthly;3;Mar;0.72;;;;;;;;;;;;;;;;
1;Prices;17;Oats;1;0.800;United States;3;Oats;5;Prices received by farmers;4;Dollars per bushel;1957;1;Monthly;4;Apr;0.712;;;;;;;;;;;;;;;;
1;Prices;17;Oats;1;0.800;United States;3;Oats;5;Prices received by farmers;4;Dollars per bushel;1957;1;Monthly;5;May;0.703;;;;;;;;;;;;;;;;
1;Prices;17;Oats;1;0.800;United States;3;Oats;5;Prices received by farmers;4;Dollars per bushel;1957;1;Monthly;6;Jun;0.661;;;;;;;;;;;;;;;;
1;Prices;17;Oats;1;0.800;United States;3;Oats;5;Prices received by farmers;4;Dollars per bushel;1957;1;Monthly;7;Jul;0.62;;;;;;;;;;;;;;;;
1;Prices;17;Oats;1;0.800;United States;3;Oats;5;Prices received by farmers;4;Dollars per bushel;1957;1;Monthly;8;Aug;0.577;;;;;;;;;;;;;;;;
1;Prices;17;Oats;1;0.800;United States;3;Oats;5;Prices received by farmers;4;Dollars per bushel;1957;1;Monthly;9;Sep;0.603;;;;;;;;;;;;;;;;
1;Prices;17;Oats;1;0.800;United States;3;Oats;5;Prices received by farmers;4;Dollars per bushel;1957;1;Monthly;10;Oct;0.612;;;;;;;;;;;;;;;;
1;Prices;17;Oats;1;0.800;United States;3;Oats;5;Prices received by farmers;4;Dollars per bushel;1957;1;Monthly;11;Nov;0.614;;;;;;;;;;;;;;;;
1;Prices;17;Oats;1;0.800;United States;3;Oats;5;Prices received by farmers;4;Dollars per bushel;1957;1;Monthly;12;Dec;0.618;;;;;;;;;;;;;;;;
1;Prices;17;Oats;1;0.800;United States;3;Oats;5;Prices received by farmers;4;Dollars per bushel;1957;3;Annual;69;Commodity Market Year;0.605;;;;;;;;;;;;;;;;
1;Prices;17;Oats;1;0.800;United States;3;Oats;5;Prices received by farmers;4;Dollars per bushel;1958;1;Monthly;1;Jan;0.613;;;;;;;;;;;;;;;;
1;Prices;17;Oats;1;0.800;United States;3;Oats;5;Prices received by farmers;4;Dollars per bushel;1958;1;Monthly;2;Feb;0.611;;;;;;;;;;;;;;;;
1;Prices;17;Oats;1;0.800;United States;3;Oats;5;Prices received by farmers;4;Dollars per bushel;1958;1;Monthly;3;Mar;0.616;;;;;;;;;;;;;;;;
1;Prices;17;Oats;1;0.800;United States;3;Oats;5;Prices received by farmers;4;Dollars per bushel;1958;1;Monthly;4;Apr;0.621;;;;;;;;;;;;;;;;
1;Prices;17;Oats;1;0.800;United States;3;Oats;5;Prices received by farmers;4;Dollars per bushel;1958;1;Monthly;5;May;0.594;;;;;;;;;;;;;;;;
1;Prices;17;Oats;1;0.800;United States;3;Oats;5;Prices received by farmers;4;Dollars per bushel;1958;1;Monthly;6;Jun;0.615;;;;;;;;;;;;;;;;
1;Prices;17;Oats;1;0.800;United States;3;Oats;5;Prices received by farmers;4;Dollars per bushel;1958;1;Monthly;7;Jul;0.576;;;;;;;;;;;;;;;;
1;Prices;17;Oats;1;0.800;United States;3;Oats;5;Prices received by farmers;4;Dollars per bushel;1958;1;Monthly;8;Aug;0.536;;;;;;;;;;;;;;;;
1;Prices;17;Oats;1;0.800;United States;3;Oats;5;Prices received by farmers;4;Dollars per bushel;1958;1;Monthly;9;Sep;0.556;;;;;;;;;;;;;;;;
1;Prices;17;Oats;1;0.800;United States;3;Oats;5;Prices received by farmers;4;Dollars per bushel;1958;1;Monthly;10;Oct;0.562;;;;;;;;;;;;;;;;
1;Prices;17;Oats;1;0.800;United States;3;Oats;5;Prices received by farmers;4;Dollars per bushel;1958;1;Monthly;11;Nov;0.569;;;;;;;;;;;;;;;;
1;Prices;17;Oats;1;0.800;United States;3;Oats;5;Prices received by farmers;4;Dollars per bushel;1958;1;Monthly;12;Dec;0.589;;;;;;;;;;;;;;;;
1;Prices;17;Oats;1;0.800;United States;3;Oats;5;Prices received by farmers;4;Dollars per bushel;1958;3;Annual;69;Commodity Market Year;0.578;;;;;;;;;;;;;;;;
1;Prices;17;Oats;1;0.800;United States;3;Oats;5;Prices received by farmers;4;Dollars per bushel;1959;1;Monthly;1;Jan;0.59;;;;;;;;;;;;;;;;
1;Prices;17;Oats;1;0.800;United States;3;Oats;5;Prices received by farmers;4;Dollars per bushel;1959;1;Monthly;2;Feb;0.599;;;;;;;;;;;;;;;;
1;Prices;17;Oats;1;0.800;United States;3;Oats;5;Prices received by farmers;4;Dollars per bushel;1959;1;Monthly;3;Mar;0.59;;;;;;;;;;;;;;;;
1;Prices;17;Oats;1;0.800;United States;3;Oats;5;Prices received by farmers;4;Dollars per bushel;1959;1;Monthly;4;Apr;0.602;;;;;;;;;;;;;;;;
1;Prices;17;Oats;1;0.800;United States;3;Oats;5;Prices received by farmers;4;Dollars per bushel;1959;1;Monthly;5;May;0.599;;;;;;;;;;;;;;;;
1;Prices;17;Oats;1;0.800;United States;3;Oats;5;Prices received by farmers;4;Dollars per bushel;1959;1;Monthly;6;Jun;0.611;;;;;;;;;;;;;;;;
1;Prices;17;Oats;1;0.800;United States;3;Oats;5;Prices received by farmers;4;Dollars per bushel;1959;1;Monthly;7;Jul;0.61;;;;;;;;;;;;;;;;
1;Prices;17;Oats;1;0.800;United States;3;Oats;5;Prices received by farmers;4;Dollars per bushel;1959;1;Monthly;8;Aug;0.608;;;;;;;;;;;;;;;;
1;Prices;17;Oats;1;0.800;United States;3;Oats;5;Prices received by farmers;4;Dollars per bushel;1959;1;Monthly;9;Sep;0.62;;;;;;;;;;;;;;;;
1;Prices;17;Oats;1;0.800;United States;3;Oats;5;Prices received by farmers;4;Dollars per bushel;1959;1;Monthly;10;Oct;0.65;;;;;;;;;;;;;;;;
1;Prices;17;Oats;1;0.800;United States;3;Oats;5;Prices received by farmers;4;Dollars per bushel;1959;1;Monthly;11;Nov;0.669;;;;;;;;;;;;;;;;
1;Prices;17;Oats;1;0.800;United States;3;Oats;5;Prices received by farmers;4;Dollars per bushel;1959;1;Monthly;12;Dec;0.677;;;;;;;;;;;;;;;;
1;Prices;17;Oats;1;0.800;United States;3;Oats;5;Prices received by farmers;4;Dollars per bushel;1959;3;Annual;69;Commodity Market Year;0.646;;;;;;;;;;;;;;;;
1;Prices;17;Oats;1;0.800;United States;3;Oats;5;Prices received by farmers;4;Dollars per bushel;1960;1;Monthly;1;Jan;0.685;;;;;;;;;;;;;;;;
1;Prices;17;Oats;1;0.800;United States;3;Oats;5;Prices received by farmers;4;Dollars per bushel;1960;1;Monthly;2;Feb;0.678;;;;;;;;;;;;;;;;
1;Prices;17;Oats;1;0.800;United States;3;Oats;5;Prices received by farmers;4;Dollars per bushel;1960;1;Monthly;3;Mar;0.676;;;;;;;;;;;;;;;;
1;Prices;17;Oats;1;0.800;United States;3;Oats;5;Prices received by farmers;4;Dollars per bushel;1960;1;Monthly;4;Apr;0.68;;;;;;;;;;;;;;;;
1;Prices;17;Oats;1;0.800;United States;3;Oats;5;Prices received by farmers;4;Dollars per bushel;1960;1;Monthly;5;May;0.68;;;;;;;;;;;;;;;;
1;Prices;17;Oats;1;0.800;United States;3;Oats;5;Prices received by farmers;4;Dollars per bushel;1960;1;Monthly;6;Jun;0.694;;;;;;;;;;;;;;;;
1;Prices;17;Oats;1;0.800;United States;3;Oats;5;Prices received by farmers;4;Dollars per bushel;1960;1;Monthly;7;Jul;0.629;;;;;;;;;;;;;;;;
1;Prices;17;Oats;1;0.800;United States;3;Oats;5;Prices received by farmers;4;Dollars per bushel;1960;1;Monthly;8;Aug;0.578;;;;;;;;;;;;;;;;
1;Prices;17;Oats;1;0.800;United States;3;Oats;5;Prices received by farmers;4;Dollars per bushel;1960;1;Monthly;9;Sep;0.601;;;;;;;;;;;;;;;;
1;Prices;17;Oats;1;0.800;United States;3;Oats;5;Prices received by farmers;4;Dollars per bushel;1960;1;Monthly;10;Oct;0.597;;;;;;;;;;;;;;;;
1;Prices;17;Oats;1;0.800;United States;3;Oats;5;Prices received by farmers;4;Dollars per bushel;1960;1;Monthly;11;Nov;0.588;;;;;;;;;;;;;;;;
1;Prices;17;Oats;1;0.800;United States;3;Oats;5;Prices received by farmers;4;Dollars per bushel;1960;1;Monthly;12;Dec;0.585;;;;;;;;;;;;;;;;
1;Prices;17;Oats;1;0.800;United States;3;Oats;5;Prices received by farmers;4;Dollars per bushel;1960;3;Annual;69;Commodity Market Year;0.599;;;;;;;;;;;;;;;;
1;Prices;17;Oats;1;0.800;United States;3;Oats;5;Prices received by farmers;4;Dollars per bushel;1961;1;Monthly;1;Jan;0.598;;;;;;;;;;;;;;;;
1;Prices;17;Oats;1;0.800;United States;3;Oats;5;Prices received by farmers;4;Dollars per bushel;1961;1;Monthly;2;Feb;0.602;;;;;;;;;;;;;;;;
1;Prices;17;Oats;1;0.800;United States;3;Oats;5;Prices received by farmers;4;Dollars per bushel;1961;1;Monthly;3;Mar;0.593;;;;;;;;;;;;;;;;
1;Prices;17;Oats;1;0.800;United States;3;Oats;5;Prices received by farmers;4;Dollars per bushel;1961;1;Monthly;4;Apr;0.581;;;;;;;;;;;;;;;;
1;Prices;17;Oats;1;0.800;United States;3;Oats;5;Prices received by farmers;4;Dollars per bushel;1961;1;Monthly;5;May;0.598;;;;;;;;;;;;;;;;
1;Prices;17;Oats;1;0.800;United States;3;Oats;5;Prices received by farmers;4;Dollars per bushel;1961;1;Monthly;6;Jun;0.626;;;;;;;;;;;;;;;;
1;Prices;17;Oats;1;0.800;United States;3;Oats;5;Prices received by farmers;4;Dollars per bushel;1961;1;Monthly;7;Jul;0.642;;;;;;;;;;;;;;;;
1;Prices;17;Oats;1;0.800;United States;3;Oats;5;Prices received by farmers;4;Dollars per bushel;1961;1;Monthly;8;Aug;0.603;;;;;;;;;;;;;;;;
1;Prices;17;Oats;1;0.800;United States;3;Oats;5;Prices received by farmers;4;Dollars per bushel;1961;1;Monthly;9;Sep;0.64;;;;;;;;;;;;;;;;
1;Prices;17;Oats;1;0.800;United States;3;Oats;5;Prices received by farmers;4;Dollars per bushel;1961;1;Monthly;10;Oct;0.637;;;;;;;;;;;;;;;;
1;Prices;17;Oats;1;0.800;United States;3;Oats;5;Prices received by farmers;4;Dollars per bushel;1961;1;Monthly;11;Nov;0.643;;;;;;;;;;;;;;;;
1;Prices;17;Oats;1;0.800;United States;3;Oats;5;Prices received by farmers;4;Dollars per bushel;1961;1;Monthly;12;Dec;0.659;;;;;;;;;;;;;;;;
1;Prices;17;Oats;1;0.800;United States;3;Oats;5;Prices received by farmers;4;Dollars per bushel;1961;3;Annual;69;Commodity Market Year;0.642;;;;;;;;;;;;;;;;
1;Prices;17;Oats;1;0.800;United States;3;Oats;5;Prices received by farmers;4;Dollars per bushel;1962;1;Monthly;1;Jan;0.665;;;;;;;;;;;;;;;;
1;Prices;20;Sorghum;1;0.800;United States;4;Sorghum;5;Prices received by farmers;4;Dollars per bushel;1999;1;Monthly;10;Oct;1.4056;;;;;;;;;;;;;;;;
1;Prices;20;Sorghum;1;0.800;United States;4;Sorghum;5;Prices received by farmers;4;Dollars per bushel;1999;1;Monthly;11;Nov;1.4392;;;;;;;;;;;;;;;;
1;Prices;20;Sorghum;1;0.800;United States;4;Sorghum;5;Prices received by farmers;4;Dollars per bushel;1999;1;Monthly;12;Dec;1.4672;;;;;;;;;;;;;;;;
1;Prices;20;Sorghum;1;0.800;United States;4;Sorghum;5;Prices received by farmers;4;Dollars per bushel;1999;2;Quarterly;13;Q1 Jan-Mar;1.73258645418327;;;;;;;;;;;;;;;;
1;Prices;20;Sorghum;1;0.800;United States;4;Sorghum;5;Prices received by farmers;4;Dollars per bushel;1999;2;Quarterly;14;Q2 Apr-Jun;1.63655757575758;;;;;;;;;;;;;;;;
1;Prices;20;Sorghum;1;0.800;United States;4;Sorghum;5;Prices received by farmers;4;Dollars per bushel;1999;2;Quarterly;15;Q3 Jul-Sep;1.58595376884422;;;;;;;;;;;;;;;;
1;Prices;20;Sorghum;1;0.800;United States;4;Sorghum;5;Prices received by farmers;4;Dollars per bushel;1999;2;Quarterly;16;Q4 Oct-Dec;1.43577170731707;;;;;;;;;;;;;;;;
1;Prices;20;Sorghum;1;0.800;United States;4;Sorghum;5;Prices received by farmers;4;Dollars per bushel;1999;2;Quarterly;24;Q1 Sep-Nov;1.45164624277457;;;;;;;;;;;;;;;;
1;Prices;20;Sorghum;1;0.800;United States;4;Sorghum;5;Prices received by farmers;4;Dollars per bushel;1999;2;Quarterly;25;Q2 Dec-Feb;1.56591404011461;;;;;;;;;;;;;;;;
1;Prices;20;Sorghum;1;0.800;United States;4;Sorghum;5;Prices received by farmers;4;Dollars per bushel;1999;2;Quarterly;26;Q3 Mar-May;1.82066181818182;;;;;;;;;;;;;;;;
1;Prices;20;Sorghum;1;0.800;United States;4;Sorghum;5;Prices received by farmers;4;Dollars per bushel;1999;2;Quarterly;27;Q4 Jun-Aug;1.64398769230769;;;;;;;;;;;;;;;;
1;Prices;20;Sorghum;1;0.800;United States;4;Sorghum;5;Prices received by farmers;4;Dollars per bushel;1999;3;Annual;69;Commodity Market Year;1.568;;;;;;;;;;;;;;;;
1;Prices;20;Sorghum;1;0.800;United States;4;Sorghum;5;Prices received by farmers;4;Dollars per bushel;1999;2;Quarterly;115;CY 5YR Quarterly Moving Average for Jan-Mar;1.73258645418327;;;;;;;;;;;;;;;;
1;Prices;20;Sorghum;1;0.800;United States;4;Sorghum;5;Prices received by farmers;4;Dollars per bushel;1999;2;Quarterly;116;CY 5YR Quarterly Moving Average for Apr-Jun;1.63655757575758;;;;;;;;;;;;;;;;
1;Prices;20;Sorghum;1;0.800;United States;4;Sorghum;5;Prices received by farmers;4;Dollars per bushel;1999;2;Quarterly;117;CY 5YR Quarterly Moving Average for Jul-Sep;1.58595376884422;;;;;;;;;;;;;;;;
1;Prices;20;Sorghum;1;0.800;United States;4;Sorghum;5;Prices received by farmers;4;Dollars per bushel;1999;2;Quarterly;118;CY 5YR Quarterly Moving Average for Oct-Dec;1.43577170731707;;;;;;;;;;;;;;;;
1;Prices;20;Sorghum;1;0.800;United States;4;Sorghum;5;Prices received by farmers;4;Dollars per bushel;1999;2;Quarterly;119;MY 5YR Quarterly Moving Average for Sep-Nov;1.44594390243902;;;;;;;;;;;;;;;;
1;Prices;20;Sorghum;1;0.800;United States;4;Sorghum;5;Prices received by farmers;4;Dollars per bushel;1999;2;Quarterly;120;MY 5YR Quarterly Moving Average for Dec-Feb;1.56801501340483;;;;;;;;;;;;;;;;
1;Prices;20;Sorghum;1;0.800;United States;4;Sorghum;5;Prices received by farmers;4;Dollars per bushel;1999;2;Quarterly;121;MY 5YR Quarterly Moving Average for Mar-May;1.82129462365591;;;;;;;;;;;;;;;;
1;Prices;20;Sorghum;1;0.800;United States;4;Sorghum;5;Prices received by farmers;4;Dollars per bushel;1999;2;Quarterly;122;MY 5YR Quarterly Moving Average for Jun-Aug;1.62755845213849;;;;;;;;;;;;;;;;
1;Prices;20;Sorghum;1;0.800;United States;4;Sorghum;5;Prices received by farmers;4;Dollars per bushel;2000;1;Monthly;1;Jan;1.6016;;;;;;;;;;;;;;;;
1;Prices;20;Sorghum;1;0.800;United States;4;Sorghum;5;Prices received by farmers;4;Dollars per bushel;2000;1;Monthly;2;Feb;1.7136;;;;;;;;;;;;;;;;
1;Prices;20;Sorghum;1;0.800;United States;4;Sorghum;5;Prices received by farmers;4;Dollars per bushel;2000;1;Monthly;3;Mar;1.7976;;;;;;;;;;;;;;;;
1;Prices;20;Sorghum;1;0.800;United States;4;Sorghum;5;Prices received by farmers;4;Dollars per bushel;2000;1;Monthly;4;Apr;1.8144;;;;;;;;;;;;;;;;
1;Prices;20;Sorghum;1;0.800;United States;4;Sorghum;5;Prices received by farmers;4;Dollars per bushel;2000;1;Monthly;5;May;1.8648;;;;;;;;;;;;;;;;
1;Prices;20;Sorghum;1;0.800;United States;4;Sorghum;5;Prices received by farmers;4;Dollars per bushel;2000;1;Monthly;6;Jun;1.8592;;;;;;;;;;;;;;;;
1;Prices;20;Sorghum;1;0.800;United States;4;Sorghum;5;Prices received by farmers;4;Dollars per bushel;2000;1;Monthly;7;Jul;1.5792;;;;;;;;;;;;;;;;
1;Prices;20;Sorghum;1;0.800;United States;4;Sorghum;5;Prices received by farmers;4;Dollars per bushel;2000;1;Monthly;8;Aug;1.5288;;;;;;;;;;;;;;;;
1;Prices;20;Sorghum;1;0.800;United States;4;Sorghum;5;Prices received by farmers;4;Dollars per bushel;2000;1;Monthly;9;Sep;1.5512;;;;;;;;;;;;;;;;
1;Prices;20;Sorghum;1;0.800;United States;4;Sorghum;5;Prices received by farmers;4;Dollars per bushel;2000;1;Monthly;10;Oct;1.6856;;;;;;;;;;;;;;;;
1;Prices;20;Sorghum;1;0.800;United States;4;Sorghum;5;Prices received by farmers;4;Dollars per bushel;2000;1;Monthly;11;Nov;1.8312;;;;;;;;;;;;;;;;
1;Prices;20;Sorghum;1;0.800;United States;4;Sorghum;5;Prices received by farmers;4;Dollars per bushel;2000;1;Monthly;12;Dec;1.9824;;;;;;;;;;;;;;;;
1;Prices;20;Sorghum;1;0.800;United States;4;Sorghum;5;Prices received by farmers;4;Dollars per bushel;2000;2;Quarterly;13;Q1 Jan-Mar;1.65995897435897;;;;;;;;;;;;;;;;
1;Prices;20;Sorghum;1;0.800;United States;4;Sorghum;5;Prices received by farmers;4;Dollars per bushel;2000;2;Quarterly;14;Q2 Apr-Jun;1.8516;;;;;;;;;;;;;;;;
1;Prices;20;Sorghum;1;0.800;United States;4;Sorghum;5;Prices received by farmers;4;Dollars per bushel;2000;2;Quarterly;15;Q3 Jul-Sep;1.55358933333333;;;;;;;;;;;;;;;;
1;Prices;20;Sorghum;1;0.800;United States;4;Sorghum;5;Prices received by farmers;4;Dollars per bushel;2000;2;Quarterly;16;Q4 Oct-Dec;1.84316631578947;;;;;;;;;;;;;;;;
1;Prices;20;Sorghum;1;0.800;United States;4;Sorghum;5;Prices received by farmers;4;Dollars per bushel;2000;2;Quarterly;24;Q1 Sep-Nov;1.68593049180328;;;;;;;;;;;;;;;;
1;Prices;20;Sorghum;1;0.800;United States;4;Sorghum;5;Prices received by farmers;4;Dollars per bushel;2000;2;Quarterly;25;Q2 Dec-Feb;1.95132096219931;;;;;;;;;;;;;;;;
1;Prices;20;Sorghum;1;0.800;United States;4;Sorghum;5;Prices received by farmers;4;Dollars per bushel;2000;2;Quarterly;26;Q3 Mar-May;1.78615;;;;;;;;;;;;;;;;
1;Prices;20;Sorghum;1;0.800;United States;4;Sorghum;5;Prices received by farmers;4;Dollars per bushel;2000;2;Quarterly;27;Q4 Jun-Aug;2.02541643835617;;;;;;;;;;;;;;;;
1;Prices;20;Sorghum;1;0.800;United States;4;Sorghum;5;Prices received by farmers;4;Dollars per bushel;2000;3;Annual;69;Commodity Market Year;1.8872;;;;;;;;;;;;;;;;
1;Prices;20;Sorghum;1;0.800;United States;4;Sorghum;5;Prices received by farmers;4;Dollars per bushel;2000;2;Quarterly;115;CY 5YR Quarterly Moving Average for Jan-Mar;1.65995897435897;;;;;;;;;;;;;;;;
1;Prices;20;Sorghum;1;0.800;United States;4;Sorghum;5;Prices received by farmers;4;Dollars per bushel;2000;2;Quarterly;116;CY 5YR Quarterly Moving Average for Apr-Jun;1.8516;;;;;;;;;;;;;;;;
1;Prices;20;Sorghum;1;0.800;United States;4;Sorghum;5;Prices received by farmers;4;Dollars per bushel;2000;2;Quarterly;117;CY 5YR Quarterly Moving Average for Jul-Sep;1.55358933333333;;;;;;;;;;;;;;;;
1;Prices;20;Sorghum;1;0.800;United States;4;Sorghum;5;Prices received by farmers;4;Dollars per bushel;2000;2;Quarterly;118;CY 5YR Quarterly Moving Average for Oct-Dec;1.84316631578947;;;;;;;;;;;;;;;;
1;Prices;20;Sorghum;1;0.800;United States;4;Sorghum;5;Prices received by farmers;4;Dollars per bushel;2000;2;Quarterly;119;MY 5YR Quarterly Moving Average for Sep-Nov;1.71657786885246;;;;;;;;;;;;;;;;
1;Prices;20;Sorghum;1;0.800;United States;4;Sorghum;5;Prices received by farmers;4;Dollars per bushel;2000;2;Quarterly;120;MY 5YR Quarterly Moving Average for Dec-Feb;1.94003652968037;;;;;;;;;;;;;;;;
1;Prices;20;Sorghum;1;0.800;United States;4;Sorghum;5;Prices received by farmers;4;Dollars per bushel;2000;2;Quarterly;121;MY 5YR Quarterly Moving Average for Mar-May;1.79633149171271;;;;;;;;;;;;;;;;
1;Prices;20;Sorghum;1;0.800;United States;4;Sorghum;5;Prices received by farmers;4;Dollars per bushel;2000;2;Quarterly;122;MY 5YR Quarterly Moving Average for Jun-Aug;2.01978518518519;;;;;;;;;;;;;;;;
1;Prices;20;Sorghum;1;0.800;United States;4;Sorghum;5;Prices received by farmers;4;Dollars per bushel;2001;1;Monthly;1;Jan;1.8984;;;;;;;;;;;;;;;;
1;Prices;20;Sorghum;1;0.800;United States;4;Sorghum;5;Prices received by farmers;4;Dollars per bushel;2001;1;Monthly;2;Feb;1.9432;;;;;;;;;;;;;;;;
1;Prices;20;Sorghum;1;0.800;United States;4;Sorghum;5;Prices received by farmers;4;Dollars per bushel;2001;1;Monthly;3;Mar;1.8424;;;;;;;;;;;;;;;;
1;Prices;20;Sorghum;1;0.800;United States;4;Sorghum;5;Prices received by farmers;4;Dollars per bushel;2001;1;Monthly;4;Apr;1.7024;;;;;;;;;;;;;;;;
1;Prices;20;Sorghum;1;0.800;United States;4;Sorghum;5;Prices received by farmers;4;Dollars per bushel;2001;1;Monthly;5;May;1.7976;;;;;;;;;;;;;;;;
1;Prices;20;Sorghum;1;0.800;United States;4;Sorghum;5;Prices received by farmers;4;Dollars per bushel;2001;1;Monthly;6;Jun;2.0272;;;;;;;;;;;;;;;;
1;Prices;20;Sorghum;1;0.800;United States;4;Sorghum;5;Prices received by farmers;4;Dollars per bushel;2001;1;Monthly;7;Jul;2.0832;;;;;;;;;;;;;;;;
1;Prices;20;Sorghum;1;0.800;United States;4;Sorghum;5;Prices received by farmers;4;Dollars per bushel;2001;1;Monthly;8;Aug;1.9544;;;;;;;;;;;;;;;;
1;Prices;20;Sorghum;1;0.800;United States;4;Sorghum;5;Prices received by farmers;4;Dollars per bushel;2001;1;Monthly;9;Sep;1.9264;;;;;;;;;;;;;;;;
1;Prices;20;Sorghum;1;0.800;United States;4;Sorghum;5;Prices received by farmers;4;Dollars per bushel;2001;1;Monthly;10;Oct;1.848;;;;;;;;;;;;;;;;
1;Prices;20;Sorghum;1;0.800;United States;4;Sorghum;5;Prices received by farmers;4;Dollars per bushel;2001;1;Monthly;11;Nov;1.848;;;;;;;;;;;;;;;;
1;Prices;20;Sorghum;1;0.800;United States;4;Sorghum;5;Prices received by farmers;4;Dollars per bushel;2001;1;Monthly;12;Dec;1.82;;;;;;;;;;;;;;;;
1;Prices;20;Sorghum;1;0.800;United States;4;Sorghum;5;Prices received by farmers;4;Dollars per bushel;2001;2;Quarterly;13;Q1 Jan-Mar;1.8927687150838;;;;;;;;;;;;;;;;
1;Prices;20;Sorghum;1;0.800;United States;4;Sorghum;5;Prices received by farmers;4;Dollars per bushel;2001;2;Quarterly;14;Q2 Apr-Jun;1.89164580152672;;;;;;;;;;;;;;;;
1;Prices;20;Sorghum;1;0.800;United States;4;Sorghum;5;Prices received by farmers;4;Dollars per bushel;2001;2;Quarterly;15;Q3 Jul-Sep;1.99983678929766;;;;;;;;;;;;;;;;
1;Prices;20;Sorghum;1;0.800;United States;4;Sorghum;5;Prices received by farmers;4;Dollars per bushel;2001;2;Quarterly;16;Q4 Oct-Dec;1.83934905660377;;;;;;;;;;;;;;;;
1;Prices;20;Sorghum;1;0.800;United States;4;Sorghum;5;Prices received by farmers;4;Dollars per bushel;2001;2;Quarterly;24;Q1 Sep-Nov;1.86414742547425;;;;;;;;;;;;;;;;
1;Prices;20;Sorghum;1;0.800;United States;4;Sorghum;5;Prices received by farmers;4;Dollars per bushel;2001;2;Quarterly;25;Q2 Dec-Feb;1.83985277777778;;;;;;;;;;;;;;;;
1;Prices;20;Sorghum;1;0.800;United States;4;Sorghum;5;Prices received by farmers;4;Dollars per bushel;2001;2;Quarterly;26;Q3 Mar-May;1.78058867924528;;;;;;;;;;;;;;;;
1;Prices;20;Sorghum;1;0.800;United States;4;Sorghum;5;Prices received by farmers;4;Dollars per bushel;2001;2;Quarterly;27;Q4 Jun-Aug;2.25068016877637;;;;;;;;;;;;;;;;
1;Prices;20;Sorghum;1;0.800;United States;4;Sorghum;5;Prices received by farmers;4;Dollars per bushel;2001;3;Annual;69;Commodity Market Year;1.9376;;;;;;;;;;;;;;;;
1;Prices;20;Sorghum;1;0.800;United States;4;Sorghum;5;Prices received by farmers;4;Dollars per bushel;2001;2;Quarterly;115;CY 5YR Quarterly Moving Average for Jan-Mar;1.8927687150838;;;;;;;;;;;;;;;;
1;Prices;20;Sorghum;1;0.800;United States;4;Sorghum;5;Prices received by farmers;4;Dollars per bushel;2001;2;Quarterly;116;CY 5YR Quarterly Moving Average for Apr-Jun;1.89164580152672;;;;;;;;;;;;;;;;
1;Prices;20;Sorghum;1;0.800;United States;4;Sorghum;5;Prices received by farmers;4;Dollars per bushel;2001;2;Quarterly;117;CY 5YR Quarterly Moving Average for Jul-Sep;1.99983678929766;;;;;;;;;;;;;;;;
1;Prices;20;Sorghum;1;0.800;United States;4;Sorghum;5;Prices received by farmers;4;Dollars per bushel;2001;2;Quarterly;118;CY 5YR Quarterly Moving Average for Oct-Dec;1.83934905660377;;;;;;;;;;;;;;;;
1;Prices;20;Sorghum;1;0.800;United States;4;Sorghum;5;Prices received by farmers;4;Dollars per bushel;2001;2;Quarterly;119;MY 5YR Quarterly Moving Average for Sep-Nov;1.86418061573546;;;;;;;;;;;;;;;;
1;Prices;20;Sorghum;1;0.800;United States;4;Sorghum;5;Prices received by farmers;4;Dollars per bushel;2001;2;Quarterly;120;MY 5YR Quarterly Moving Average for Dec-Feb;1.84110552763819;;;;;;;;;;;;;;;;
1;Prices;20;Sorghum;1;0.800;United States;4;Sorghum;5;Prices received by farmers;4;Dollars per bushel;2001;2;Quarterly;121;MY 5YR Quarterly Moving Average for Mar-May;1.78568710217755;;;;;;;;;;;;;;;;
1;Prices;20;Sorghum;1;0.800;United States;4;Sorghum;5;Prices received by farmers;4;Dollars per bushel;2001;2;Quarterly;122;MY 5YR Quarterly Moving Average for Jun-Aug;2.27278940397351;;;;;;;;;;;;;;;;
1;Prices;20;Sorghum;1;0.800;United States;4;Sorghum;5;Prices received by farmers;4;Dollars per bushel;2002;1;Monthly;1;Jan;1.8704;;;;;;;;;;;;;;;;
1;Prices;20;Sorghum;1;0.800;United States;4;Sorghum;5;Prices received by farmers;4;Dollars per bushel;2002;1;Monthly;2;Feb;1.8256;;;;;;;;;;;;;;;;
1;Prices;20;Sorghum;1;0.800;United States;4;Sorghum;5;Prices received by farmers;4;Dollars per bushel;2002;1;Monthly;3;Mar;1.8088;;;;;;;;;;;;;;;;
1;Prices;20;Sorghum;1;0.800;United States;4;Sorghum;5;Prices received by farmers;4;Dollars per bushel;2002;1;Monthly;4;Apr;1.7528;;;;;;;;;;;;;;;;
1;Prices;20;Sorghum;1;0.800;United States;4;Sorghum;5;Prices received by farmers;4;Dollars per bushel;2002;1;Monthly;5;May;1.7752;;;;;;;;;;;;;;;;
1;Prices;20;Sorghum;1;0.800;United States;4;Sorghum;5;Prices received by farmers;4;Dollars per bushel;2002;1;Monthly;6;Jun;2.1448;;;;;;;;;;;;;;;;
1;Prices;20;Sorghum;1;0.800;United States;4;Sorghum;5;Prices received by farmers;4;Dollars per bushel;2002;1;Monthly;7;Jul;2.2736;;;;;;;;;;;;;;;;
1;Prices;20;Sorghum;1;0.800;United States;4;Sorghum;5;Prices received by farmers;4;Dollars per bushel;2002;1;Monthly;8;Aug;2.3576;;;;;;;;;;;;;;;;
1;Prices;20;Sorghum;1;0.800;United States;4;Sorghum;5;Prices received by farmers;4;Dollars per bushel;2002;1;Monthly;9;Sep;2.408;;;;;;;;;;;;;;;;
1;Prices;20;Sorghum;1;0.800;United States;4;Sorghum;5;Prices received by farmers;4;Dollars per bushel;2002;1;Monthly;10;Oct;2.4248;;;;;;;;;;;;;;;;
1;Prices;17;Oats;1;0.800;United States;3;Oats;5;Prices received by farmers;4;Dollars per bushel;1962;1;Monthly;2;Feb;0.648;;;;;;;;;;;;;;;;
1;Prices;17;Oats;1;0.800;United States;3;Oats;5;Prices received by farmers;4;Dollars per bushel;1962;1;Monthly;3;Mar;0.652;;;;;;;;;;;;;;;;
1;Prices;17;Oats;1;0.800;United States;3;Oats;5;Prices received by farmers;4;Dollars per bushel;1962;1;Monthly;4;Apr;0.664;;;;;;;;;;;;;;;;
1;Prices;17;Oats;1;0.800;United States;3;Oats;5;Prices received by farmers;4;Dollars per bushel;1962;1;Monthly;5;May;0.667;;;;;;;;;;;;;;;;
1;Prices;17;Oats;1;0.800;United States;3;Oats;5;Prices received by farmers;4;Dollars per bushel;1962;1;Monthly;6;Jun;0.684;;;;;;;;;;;;;;;;
1;Prices;17;Oats;1;0.800;United States;3;Oats;5;Prices received by farmers;4;Dollars per bushel;1962;1;Monthly;7;Jul;0.621;;;;;;;;;;;;;;;;
1;Prices;17;Oats;1;0.800;United States;3;Oats;5;Prices received by farmers;4;Dollars per bushel;1962;1;Monthly;8;Aug;0.572;;;;;;;;;;;;;;;;
1;Prices;17;Oats;1;0.800;United States;3;Oats;5;Prices received by farmers;4;Dollars per bushel;1962;1;Monthly;9;Sep;0.604;;;;;;;;;;;;;;;;
1;Prices;17;Oats;1;0.800;United States;3;Oats;5;Prices received by farmers;4;Dollars per bushel;1962;1;Monthly;10;Oct;0.616;;;;;;;;;;;;;;;;
1;Prices;17;Oats;1;0.800;United States;3;Oats;5;Prices received by farmers;4;Dollars per bushel;1962;1;Monthly;11;Nov;0.633;;;;;;;;;;;;;;;;
2;Supply and use;9;Barley;1;0.800;United States;1;Barley;1;Planted acreage;2;Million acres;1926;3;Annual;69;Commodity Market Year;8.796;;;;;;;;;;;;;;;;
2;Supply and use;9;Barley;1;0.800;United States;1;Barley;1;Planted acreage;2;Million acres;1927;3;Annual;69;Commodity Market Year;9.513;;;;;;;;;;;;;;;;
2;Supply and use;9;Barley;1;0.800;United States;1;Barley;1;Planted acreage;2;Million acres;1928;3;Annual;69;Commodity Market Year;12.828;;;;;;;;;;;;;;;;
2;Supply and use;9;Barley;1;0.800;United States;1;Barley;1;Planted acreage;2;Million acres;1929;3;Annual;69;Commodity Market Year;14.703;;;;;;;;;;;;;;;;
2;Supply and use;9;Barley;1;0.800;United States;1;Barley;1;Planted acreage;2;Million acres;1930;3;Annual;69;Commodity Market Year;13.581;;;;;;;;;;;;;;;;
2;Supply and use;9;Barley;1;0.800;United States;1;Barley;1;Planted acreage;2;Million acres;1931;3;Annual;69;Commodity Market Year;13.82;;;;;;;;;;;;;;;;
2;Supply and use;9;Barley;1;0.800;United States;1;Barley;1;Planted acreage;2;Million acres;1932;3;Annual;69;Commodity Market Year;14.555;;;;;;;;;;;;;;;;
2;Supply and use;9;Barley;1;0.800;United States;1;Barley;1;Planted acreage;2;Million acres;1933;3;Annual;69;Commodity Market Year;14.2;;;;;;;;;;;;;;;;
2;Supply and use;9;Barley;1;0.800;United States;1;Barley;1;Planted acreage;2;Million acres;1934;3;Annual;69;Commodity Market Year;12.024;;;;;;;;;;;;;;;;
2;Supply and use;9;Barley;1;0.800;United States;1;Barley;1;Planted acreage;2;Million acres;1935;3;Annual;69;Commodity Market Year;13.956;;;;;;;;;;;;;;;;
2;Supply and use;9;Barley;1;0.800;United States;1;Barley;1;Planted acreage;2;Million acres;1936;3;Annual;69;Commodity Market Year;12.837;;;;;;;;;;;;;;;;
2;Supply and use;9;Barley;1;0.800;United States;1;Barley;1;Planted acreage;2;Million acres;1937;3;Annual;69;Commodity Market Year;12.346;;;;;;;;;;;;;;;;
2;Supply and use;9;Barley;1;0.800;United States;1;Barley;1;Planted acreage;2;Million acres;1938;3;Annual;69;Commodity Market Year;12.171;;;;;;;;;;;;;;;;
2;Supply and use;9;Barley;1;0.800;United States;1;Barley;1;Planted acreage;2;Million acres;1939;3;Annual;69;Commodity Market Year;15.513;;;;;;;;;;;;;;;;
2;Supply and use;9;Barley;1;0.800;United States;1;Barley;1;Planted acreage;2;Million acres;1940;3;Annual;69;Commodity Market Year;15.689;;;;;;;;;;;;;;;;
2;Supply and use;9;Barley;1;0.800;United States;1;Barley;1;Planted acreage;2;Million acres;1941;3;Annual;69;Commodity Market Year;15.857;;;;;;;;;;;;;;;;
2;Supply and use;9;Barley;1;0.800;United States;1;Barley;1;Planted acreage;2;Million acres;1942;3;Annual;69;Commodity Market Year;19.686;;;;;;;;;;;;;;;;
2;Supply and use;9;Barley;1;0.800;United States;1;Barley;1;Planted acreage;2;Million acres;1943;3;Annual;69;Commodity Market Year;17.474;;;;;;;;;;;;;;;;
2;Supply and use;9;Barley;1;0.800;United States;1;Barley;1;Planted acreage;2;Million acres;1944;3;Annual;69;Commodity Market Year;14.352;;;;;;;;;;;;;;;;
2;Supply and use;9;Barley;1;0.800;United States;1;Barley;1;Planted acreage;2;Million acres;1945;3;Annual;69;Commodity Market Year;11.745;;;;;;;;;;;;;;;;
2;Supply and use;9;Barley;1;0.800;United States;1;Barley;1;Planted acreage;2;Million acres;1946;3;Annual;69;Commodity Market Year;11.467;;;;;;;;;;;;;;;;
2;Supply and use;9;Barley;1;0.800;United States;1;Barley;1;Planted acreage;2;Million acres;1947;3;Annual;69;Commodity Market Year;11.981;;;;;;;;;;;;;;;;
2;Supply and use;9;Barley;1;0.800;United States;1;Barley;1;Planted acreage;2;Million acres;1948;3;Annual;69;Commodity Market Year;13.063;;;;;;;;;;;;;;;;
2;Supply and use;9;Barley;1;0.800;United States;1;Barley;1;Planted acreage;2;Million acres;1949;3;Annual;69;Commodity Market Year;11.132;;;;;;;;;;;;;;;;
2;Supply and use;9;Barley;1;0.800;United States;1;Barley;1;Planted acreage;2;Million acres;1950;3;Annual;69;Commodity Market Year;13.01;;;;;;;;;;;;;;;;
2;Supply and use;9;Barley;1;0.800;United States;1;Barley;1;Planted acreage;2;Million acres;1951;3;Annual;69;Commodity Market Year;10.79;;;;;;;;;;;;;;;;
2;Supply and use;9;Barley;1;0.800;United States;1;Barley;1;Planted acreage;2;Million acres;1952;3;Annual;69;Commodity Market Year;9.19;;;;;;;;;;;;;;;;
2;Supply and use;9;Barley;1;0.800;United States;1;Barley;1;Planted acreage;2;Million acres;1953;3;Annual;69;Commodity Market Year;9.615;;;;;;;;;;;;;;;;
2;Supply and use;9;Barley;1;0.800;United States;1;Barley;1;Planted acreage;2;Million acres;1954;3;Annual;69;Commodity Market Year;14.74;;;;;;;;;;;;;;;;
2;Supply and use;9;Barley;1;0.800;United States;1;Barley;1;Planted acreage;2;Million acres;1955;3;Annual;69;Commodity Market Year;16.293;;;;;;;;;;;;;;;;
2;Supply and use;9;Barley;1;0.800;United States;1;Barley;1;Planted acreage;2;Million acres;1956;3;Annual;69;Commodity Market Year;14.732;;;;;;;;;;;;;;;;
2;Supply and use;9;Barley;1;0.800;United States;1;Barley;1;Planted acreage;2;Million acres;1957;3;Annual;69;Commodity Market Year;16.398;;;;;;;;;;;;;;;;
2;Supply and use;9;Barley;1;0.800;United States;1;Barley;1;Planted acreage;2;Million acres;1958;3;Annual;69;Commodity Market Year;16.15;;;;;;;;;;;;;;;;
2;Supply and use;9;Barley;1;0.800;United States;1;Barley;1;Planted acreage;2;Million acres;1959;3;Annual;69;Commodity Market Year;16.766;;;;;;;;;;;;;;;;
2;Supply and use;9;Barley;1;0.800;United States;1;Barley;1;Planted acreage;2;Million acres;1960;3;Annual;69;Commodity Market Year;15.527;;;;;;;;;;;;;;;;
2;Supply and use;9;Barley;1;0.800;United States;1;Barley;1;Planted acreage;2;Million acres;1961;3;Annual;69;Commodity Market Year;15.623;;;;;;;;;;;;;;;;
2;Supply and use;9;Barley;1;0.800;United States;1;Barley;1;Planted acreage;2;Million acres;1962;3;Annual;69;Commodity Market Year;14.38;;;;;;;;;;;;;;;;
2;Supply and use;9;Barley;1;0.800;United States;1;Barley;1;Planted acreage;2;Million acres;1963;3;Annual;69;Commodity Market Year;13.452;;;;;;;;;;;;;;;;
2;Supply and use;9;Barley;1;0.800;United States;1;Barley;1;Planted acreage;2;Million acres;1964;3;Annual;69;Commodity Market Year;11.652;;;;;;;;;;;;;;;;
2;Supply and use;9;Barley;1;0.800;United States;1;Barley;1;Planted acreage;2;Million acres;1965;3;Annual;69;Commodity Market Year;10.123;;;;;;;;;;;;;;;;
2;Supply and use;9;Barley;1;0.800;United States;1;Barley;1;Planted acreage;2;Million acres;1966;3;Annual;69;Commodity Market Year;11.184;;;;;;;;;;;;;;;;
2;Supply and use;9;Barley;1;0.800;United States;1;Barley;1;Planted acreage;2;Million acres;1967;3;Annual;69;Commodity Market Year;10.077;;;;;;;;;;;;;;;;
2;Supply and use;9;Barley;1;0.800;United States;1;Barley;1;Planted acreage;2;Million acres;1968;3;Annual;69;Commodity Market Year;10.486;;;;;;;;;;;;;;;;
2;Supply and use;9;Barley;1;0.800;United States;1;Barley;1;Planted acreage;2;Million acres;1969;3;Annual;69;Commodity Market Year;10.291;;;;;;;;;;;;;;;;
2;Supply and use;9;Barley;1;0.800;United States;1;Barley;1;Planted acreage;2;Million acres;1970;3;Annual;69;Commodity Market Year;10.476;;;;;;;;;;;;;;;;
